"Status","Start Time","Stop Time","Duration in ms","Parent Suite","Suite","Sub Suite","Test Class","Test Method","Name","Description"
"passed","Fri Feb 06 04:26:31 UTC 2026","Fri Feb 06 04:26:32 UTC 2026","1491","BSMP Intelligent Testing Suite","BSMP UI Tests","tests.ui.BSMPSmokeTests","tests.ui.BSMPSmokeTests","verifyPredictionGenerated_MultipleCases","verifyPredictionGenerated_MultipleCases","Runs multiple prediction cases with different inputs and validates output"
"passed","Fri Feb 06 04:26:28 UTC 2026","Fri Feb 06 04:26:29 UTC 2026","988","BSMP Intelligent Testing Suite","BSMP UI Tests","tests.ui.BSMPSmokeTests","tests.ui.BSMPSmokeTests","verifyPredictionGenerated_MultipleCases","verifyPredictionGenerated_MultipleCases","Runs multiple prediction cases with different inputs and validates output"
"passed","Fri Feb 06 04:26:13 UTC 2026","Fri Feb 06 04:26:15 UTC 2026","1478","BSMP Intelligent Testing Suite","BSMP UI Tests","tests.ui.BSMPSmokeTests","tests.ui.BSMPSmokeTests","verifyHomePageLoads","verifyHomePageLoads",""
"passed","Fri Feb 06 04:26:24 UTC 2026","Fri Feb 06 04:26:26 UTC 2026","1540","BSMP Intelligent Testing Suite","BSMP UI Tests","tests.ui.BSMPSmokeTests","tests.ui.BSMPSmokeTests","verifyPredictionGenerated_MultipleCases","verifyPredictionGenerated_MultipleCases","Runs multiple prediction cases with different inputs and validates output"
"passed","Fri Feb 06 04:26:35 UTC 2026","Fri Feb 06 04:26:35 UTC 2026","0","","","","","","ðŸš¦ Release Decision",""
"passed","Fri Feb 06 04:26:21 UTC 2026","Fri Feb 06 04:26:22 UTC 2026","1096","BSMP Intelligent Testing Suite","BSMP UI Tests","tests.ui.BSMPSmokeTests","tests.ui.BSMPSmokeTests","verifyPredictionGenerated_MultipleCases","verifyPredictionGenerated_MultipleCases","Runs multiple prediction cases with different inputs and validates output"
"passed","Fri Feb 06 04:26:26 UTC 2026","Fri Feb 06 04:26:28 UTC 2026","1540","BSMP Intelligent Testing Suite","BSMP UI Tests","tests.ui.BSMPSmokeTests","tests.ui.BSMPSmokeTests","verifyPredictionGenerated_MultipleCases","verifyPredictionGenerated_MultipleCases","Runs multiple prediction cases with different inputs and validates output"
"passed","Fri Feb 06 04:26:33 UTC 2026","Fri Feb 06 04:26:34 UTC 2026","1518","BSMP Intelligent Testing Suite","BSMP UI Tests","tests.ui.BSMPSmokeTests","tests.ui.BSMPSmokeTests","verifyPredictionGenerated_MultipleCases","verifyPredictionGenerated_MultipleCases","Runs multiple prediction cases with different inputs and validates output"
"passed","Fri Feb 06 04:26:23 UTC 2026","Fri Feb 06 04:26:24 UTC 2026","1009","BSMP Intelligent Testing Suite","BSMP UI Tests","tests.ui.BSMPSmokeTests","tests.ui.BSMPSmokeTests","verifyPredictionGenerated_MultipleCases","verifyPredictionGenerated_MultipleCases","Runs multiple prediction cases with different inputs and validates output"
"passed","Fri Feb 06 04:26:16 UTC 2026","Fri Feb 06 04:26:19 UTC 2026","2977","BSMP Intelligent Testing Suite","BSMP UI Tests","tests.ui.BSMPSmokeTests","tests.ui.BSMPSmokeTests","verifyPredictionGenerated_MultipleCases","verifyPredictionGenerated_MultipleCases","Runs multiple prediction cases with different inputs and validates output"
"passed","Fri Feb 06 04:26:29 UTC 2026","Fri Feb 06 04:26:30 UTC 2026","1022","BSMP Intelligent Testing Suite","BSMP UI Tests","tests.ui.BSMPSmokeTests","tests.ui.BSMPSmokeTests","verifyPredictionGenerated_MultipleCases","verifyPredictionGenerated_MultipleCases","Runs multiple prediction cases with different inputs and validates output"
"passed","Fri Feb 06 04:26:19 UTC 2026","Fri Feb 06 04:26:21 UTC 2026","1734","BSMP Intelligent Testing Suite","BSMP UI Tests","tests.ui.BSMPSmokeTests","tests.ui.BSMPSmokeTests","verifyPredictionGenerated_MultipleCases","verifyPredictionGenerated_MultipleCases","Runs multiple prediction cases with different inputs and validates output"
